Paris;75000
Marseille;13000
Lyon;69000
Toulouse;31000
Nice;06000
Nantes;44000
Montpellier;34000
Strasbourg;67000
Bordeaux;33000
Lille;59000
Rennes;35000
Reims;51100
Toulon;83000
Saint-Etienne;42000
Le Havre;76600
Grenoble;38000
Dijon;21000
Angers;49000
Nimes;30000
Villeurbanne;69100
Clermont-Ferrand;63000
Le Mans;72000
Aix-en-Provence;13100
Brest;29200
Tours;37000
Amiens;80000
Limoges;87000
Annecy;74000
Boulogne-Billancourt;92100
Perpignan;66000
Metz;57000
Besancon;25000
Orleans;45000
Saint-Denis;93200
Rouen;76000
Argenteuil;95100
Caen;14000
Mulhouse;68100
Nancy;54000
Saint-Paul;97460
Roubaix;59100
Tourcoing;59200
Nanterre;92000
Vitry-sur-Seine;94400
Creteil;94000
Avignon;84000
Poitiers;86000
Aubervilliers;93300
Asnieres-sur-Seine;92600
Colombes;92700
Aulnay-sous-Bois;93600
Versailles;78000
Courbevoie;92400
Cherbourg-en-Cotentin;50100
Rueil-Malmaison;92500
Pau;64000
Champigny-sur-Marne;94500
Saint-Maur-des-Fosses;94100
Beziers;34500
La Rochelle;17000
Saint-Pierre;97410
Cannes;06400
Saint-Nazaire;44600
Colmar;68000
Bourges;18000
Antibes;06600
Dunkerque;59140
Merignac;33700
Drancy;93700
Ajaccio;20000
Issy-les-Moulineaux;92130
Levallois-Perret;92300
Noisy-le-Grand;93160
Quimper;29000
Troyes;10000
Lorient;56100
Vannes;56000
Chambery;73000
Niort;79000
Pessac;33600
Venissieux;69200
Clichy;92110
Ivry-sur-Seine;94200
Cergy;95000
Montauban;82000
Blotzheim;68730
Trévenans;90400
Pibrac;31820
Morsbronn-les-Bains;67360
Saint-Cézaire-sur-Siagne;06530
Garchy;58150
Yvré-l'Évêque;72530
Plougasnou;29630
Bains-les-Bains;88240
Condat-sur-Vézère;24570
Le Grau-du-Roi;30240
Fontaine-de-Vaucluse;84800
Saint-Lary-Soulan;65170
Gourette;64440
Mortrée;61570
Uvernet-Fours;04400
Besse-et-Saint-Anastaise;63610
Sainte-Mère-Église;50480
Lamotte-Beuvron;41600
Ronce-les-Bains;17390
Villard-de-Lans;38250
Murbach;68530
Wissembourg;67160
Vittel;88800
Ussel;19200
Belcastel;12390
Gordes;84220
Yvoire;74140
Kaysersberg;68240
Locronan;29180
Eguisheim;68420
Rocamadour;46500
Monpazier;24540
Vezelay;89450
Saint-Guilhem-le-Désert;34150
Gerberoy;60380
Moustiers-Sainte-Marie;04360
Balazuc;07120
Oingt;69620
Pérouges;01800
Haguenau;67500
Soultz-Haut-Rhin;68360
Dannemarie;68210
Wissembourg;67160
Niederbronn-les-Bains;67110
Obernai;67210
Saverne;67700
Ensisheim;68190
Munster;68140
Thann;68800
Guebwiller;68500
Altkirch;68130
Ribeauvillé;68150
Sélestat;67600
Molsheim;67120
Erstein;67150
Bischwiller;67240
Brumath;67170
Wasselonne;67310
Ingwiller;67340
Drulingen;67320
Sarre-Union;67260
Lembach;67510
Wœrth;67360
Betschdorf;67660
Hatten;67690
Seltz;67470
Lauterbourg;67630
Beinheim;67930
Drusenheim;67410
Gambsheim;67760
Weyersheim;67720
Reichstett;67116
Vendenheim;67550
Mundolsheim;67450
Souffelweyersheim;67460
Schiltigheim;67300
Bischheim;67800
Lingolsheim;67380
Ostwald;67540
Illkirch-Graffenstaden;67400
Geispolsheim;67118
Fegersheim;67640
Eschau;67114
Plobsheim;67115
Oberhausbergen;67205
Mittelhausbergen;67206
Niederhausbergen;67207
Wolfisheim;67202
Eckbolsheim;67201
Holtzheim;67810
Entzheim;67960
Duppigheim;67120
Duttlenheim;67120
Blaesheim;67113
Huningue;68220
Sierentz;68510
Bartenheim;68870
Habsheim;68440
Rixheim;68170
Sausheim;68390
Kingersheim;68260
Wittenheim;68270
Illzach;68110
Brunstatt-Didenheim;68350
Lutterbach;68460
Pfastatt;68120
Richwiller;68120
Wittelsheim;68310
Staffelfelden;68850
Bollwiller;68540
Soultz-Haut-Rhin;68360
Raedersheim;68190
Ungersheim;68190
Merxheim;68500
Issenheim;68500
Soultzmatt;68570
Rouffach;68250
Pfaffenheim;68250
Gueberschwihr;68420
Hattstatt;68420
Vœgtlinshoffen;68420
Wintzenheim;68920
Turckheim;68230
Ingersheim;68040
Niedermorschwihr;68230
Katzenthal;68230
Ammerschwihr;68770
Kientzheim;68240
Sigolsheim;68240
Bennwihr;68630
Mittelwihr;68630
Hunawihr;68150
Bergheim;68750
Guémar;68970
Ostheim;68150
Illhaeusern;68970
Ribeauvillé;68150
Saint-Hippolyte;68590
Rodern;68590
Rorschwihr;68590
Thannenkirch;68590
Plougastel-Daoulas;29470
Landéda;29870
Plougonvelin;29217
Guipavas;29490
Plonéour-Lanvern;29720
Penmarch;29760
Pont-Aven;29930
Riec-sur-Bélon;29340
Moëlan-sur-Mer;29350
Plouha;22580
Paimpol;22500
Trébeurden;22560
Perros-Guirec;22700
Erquy;22430
Lamballe-Armor;22400
Binic-Étables-sur-Mer;22520
Ploubalay;22650
Carnac;56340
Locmariaquer;56740
Arzon;56640
Sarzeau;56370
Larmor-Plage;56260
Guidel;56520
Plouhinec;56680
Belz;56550
Questembert;56230
Muzillac;56190
Cancale;35260
Dol-de-Bretagne;35120
Combourg;35270
Liffré;35340
Mordelles;35310
Bain-de-Bretagne;35470
Guichen;35580
Janzé;35150
Aubagne;13400
Istres;13118
Martigues;13500
Salon-de-Provence;13300
Miramas;13140
Gardanne;13120
Les-Pennes-Mirabeau;13170
Allauch;13190
Port-de-Bouc;13110
Fos-sur-Mer;13270
Berre-l'Étang;13130
Bouc-Bel-Air;13320
Châteaurenard;13160
Tarascon;13150
Saint-Martin-de-Crau;13310
Châteauneuf-les-Martigues;13220
Septèmes-les-Vallons;13240
Plan-de-Cuques;13380
Saint-Rémy-de-Provence;13210
Auriol;13390
Gignac-la-Nerthe;13180
Sausset-les-Pins;13960
Saint-Victoret;13730
Lançon-Provence;13680
La-Bouilladisse;13720
Saint-Mitre-les-Remparts;13920
Venelles;13770
Éguilles;13510
Saint-Chamas;13250
Carry-le-Rouet;13620
Éguilles;13510
Cassis;13260
Roquefort-la-Bédoule;13830
Gémenos;13420
Velaux;13880
Ventabren;13122
La-Roque-d'Anthéron;13640
Cuges-les-Pins;13780
Cabriès;13480
Meyreuil;13590
Le-Puy-Sainte-Réparade;13610
Sénas;13560
Saint-Andiol;13670
Eyragues;13630
Barbentane;13570
Mallemort;13370
Jouques;13490
Les-Abymes;97139
Baie-Mahault;97122
Le-Gosier;97190
Sainte-Anne;97180
Capesterre-Belle-Eau;97130
Morne-à-l'Eau;97111
Pointe-à-Pitre;97110
Fort-de-France;97200
Le-Lamentin;97232
Le-Robert;97231
Schoelcher;97233
Ducos;97224
Saint-Joseph;97212
Case-Pilote;97222
Cayenne;97300
Saint-Laurent-du-Maroni;97320
Kourou;97310
Matoury;97351
Remire-Montjoly;97354
Mana;97360
Saint-Paul;97460
Le-Tampon;97430
Saint-André;97440
Saint-Benoît;97470
Sainte-Marie;97438
La-Possession;97419
Le-Port;97420
Saint-Leu;97436
Mamoudzou;97600
Koungou;97600
Dzaoudzi;97615
Dembeni;97660
Tsingoni;97680
Gustavia;97133
Marigot;97150
Nouméa;98800
Papeete;98714
Bastia;20200
Porto-Vecchio;20137
Borgo;20290
Corte;20250
Biguglia;20620
Calvi;20260
Furiani;20600
Lucciana;20290
Sartène;20100
Propriano;20110
Ile-Rousse;20220
Ville-di-Pietrabugno;20200
Penta-di-Casinca;20213
Bonifacio;20169
San-Martino-di-Lota;20200
Afa;20167
Alata;20167
Grosseto-Prugna;20128
Zonza;20124
Sari-Solenzara;20145
Saint-Florent;20217
Piana;20115
Ota;20150
Calacuccia;20224
Vico;20160
Cervione;20221
Venaco;20231
Morosaglia;20218
Brando;20222
Nonza;20217
Ersa;20275
Centuri;20238
Luri;20228
Patrimonio;20217
Biarritz;64200
Saint-Jean-de-Luz;64500
Hendaye;64700
Espelette;64250
Itxassou;64250
Mauléon-Licharre;64130
Saint-Jean-Pied-de-Port;64220
Valenciennes;59300
Douai;59500
Cambrai;59400
Maubeuge;59600
Hazebrouck;59190
Bailleul;59270
Le-Quesnoy;59530
Gravelines;59820
Chamonix-Mont-Blanc;74400
Megève;74120
La-Clusaz;74220
Morzine;74110
Saint-Gervais-les-Bains;74170
Thonon-les-Bains;74200
Évian-les-Bains;74500
Valloire;73450
Val-d'Isère;73150
Tignes;73320
Courchevel;73120
Albi;81000
Castres;81100
Gaillac;81600
Cordes-sur-Ciel;81170
Mazamet;81200
Lavaur;81500
Blois;41000
Vendôme;41100
Romorantin-Lanthenay;41200
Chambord;41250
Cheverny;41700
Vierzon;18100
Saint-Amand-Montrond;18200
Sancerre;18300
Aubigny-sur-Nère;18700
Guéret;23000
Aubusson;23200
Felletin;23500
La-Souterraine;23300
Aurillac;15000
Saint-Flour;15100
Mauriac;15200
Vic-sur-Cère;15800
Vénissieux;69200
Saint-Priest;69800
Caluire-et-Cuire;69300
Vaulx-en-Velin;69120
Bron;69500
Décines-Charpieu;69150
Sainte-Foy-lès-Lyon;69110
Saint-Genis-Laval;69230
Givors;69700
Écully;69130
Tassin-la-Demi-Lune;69160
Saint-Fons;69190
Francheville;69340
Brignais;69530
Tarare;69170
Belleville-en-Beaujolais;69220
Anse;69480
Arnas;69400
Gleizé;69400
Liergues;69400
Theizé;69620
Ternand;69620
Chamelet;69620
Lamure-sur-Azergues;69870
Monsols;69860
Thizy-les-Bourgs;69240
Cours;69470
Amplepuis;69550
Beaujeu;69430
Villié-Morgon;69910
Fleurie;69820
Chénas;69840
Juliénas;69840
Saint-Symphorien-d'Ozon;69360
Mornant;69440
Vaugneray;69670
Brindas;69126
L'Arbresle;69210
Sain-Bel;69210
Lentilly;69210
Chazay-d'Azergues;69380
Lozanne;69380
Civrieux-d'Azergues;69380
Condrieu;69420
Ampuis;69420
Bourges;18000
Vierzon;18100
Saint-Amand-Montrond;18200
Saint-Doulchard;18230
Mehun-sur-Yèvre;18500
Dun-sur-Auron;18130
Sancerre;18300
Aubigny-sur-Nère;18700
Saint-Florent-sur-Cher;18400
Graçay;18310
Lignières;18160
Châteaumeillant;18370
Nérondes;18350
Baugy;18800
Sancoins;18600
Henrichemont;18250
La-Guerche-sur-l'Aubois;18150
Châteauneuf-sur-Cher;18190
La-Roche-sur-Yon;85000
Les-Sables-d'Olonne;85100
Challans;85300
Herbiers;85500
Fontenay-le-Comte;85200
Saint-Hilaire-de-Riez;85270
Luçon;85400
Aizenay;85190
Saint-Gilles-Croix-de-Vie;85800
Noirmoutier-en-l'Île;85330
Mortagne-sur-Sèvre;85290
Pouzauges;85700
Chantonnay;85110
Montaigu-Vendée;85600
Talmont-Saint-Hilaire;85440
Vouvant;85120
Maillezais;85420
Nieul-sur-l'Autise;85240
Île-d'Yeu;85350
Auch;32000
Condom;32100
Fleurance;32500
L'Isle-Jourdain;32600
Lectoure;32700
Vic-Fezensac;32190
Mirande;32300
Gimont;32200
Pavie;32550
Samatan;32130
Mauvezin;32120
Lombez;32220
Riscle;32400
Cazaubon;32150
Barbotan-les-Thermes;32150
Nogaro;32110
Eauze;32800
Marciac;32230
Plaisance;32160
Masseube;32140
Miélan;32170
Saramon;32450
Cologne;32430
Jegun;32360
Aubiet;32270
Castéra-Verduzan;32410
Valence-sur-Baïse;32310
Montréal;32250
Larressingle;32100
Fourcès;32250
Sarrant;32120
Lavardens;32360
La-Romieu;32480
Bassoues;32320
Lupiac;32290
Simorre;32420
Rochefort;17300
Saintes;17100
Royan;17200
Aytré;17440
Tonnay-Charente;17430
Saint-Jean-d'Angély;17400
Pons;17800
Jonzac;17500
Surgères;17700
Châtelaillon-Plage;17340
Nieul-sur-Mer;17137
Dompierre-sur-Mer;17139
Saint-Georges-de-Didonne;17110
Marennes-Hiers-Brouage;17320
La-Tremblade;17390
Le-Château-d'Oléron;17480
Saint-Pierre-d'Oléron;17310
Saint-Denis-d'Oléron;17650
La-Flotte;17630
Saint-Martin-de-Ré;17410
Ars-en-Ré;17590
Sainte-Marie-de-Ré;17740
Rivedoux-Plage;17940
Fouras;17450
Aigrefeuille-d'Aunis;17290
Marans;17230
Saujon;17600
Cozes;17120
Mirambeau;17150
Montendre;17130
Matha;18160
Burie;17770
Gemozac;17260
Saint-Porchaire;17250
Bourcefranc-le-Chapus;17560
Roanne;42300
Saint-Chamond;42400
Firminy;42700
Montbrison;42600
Rive-de-Gier;42800
Le-Chambon-Feugerolles;42500
Saint-Just-Saint-Rambert;42170
Roche-la-Molière;42230
Riorges;42153
Andrézieux-Bouthéon;42160
Veauche;42340
Villars;42390
La-Ricamarie;42150
Sorbiers;42290
Mably;42300
Feurs;42110
Le-Coteau;42120
Saint-Jean-Bonnefonds;42650
Saint-Priest-en-Jarez;42270
La-Grand-Croix;42320
L'Horme;42152
Unieux;42240
Sury-le-Comtal;42450
La-Talaudière;42350
Saint-Genest-Lerpt;42530
Saint-Galmier;42330
Chazelles-sur-Lyon;42140
Pélussin;42410
Bourg-Argental;42220
Panissières;42360
Noirétable;42440
Boën-sur-Lignon;42130
Charlieu;42190
Ambierle;42820
Saint-Bonnet-le-Château;42380
Usson-en-Forez;42550
Meaux;77100
Chelles;77500
Melun;77000
Pontault-Combault;77340
Savigny-le-Temple;77176
Champs-sur-Marne;77420
Villeparisis;77270
Torcy;77200
Roissy-en-Brie;77680
Combs-la-Ville;77380
Dammarie-les-Lys;77190
Lagny-sur-Marne;77400
Ozoir-la-Ferrière;77330
Bussy-Saint-Georges;77600
Mitry-Mory;77290
Moissy-Cramayel;77550
Montereau-Fault-Yonne;77130
Fontainebleau;77300
Coulommiers;77120
Nemours;77140
Provins;77160
Vaux-le-Vicomte;77950
Chessy;77700
Serris;77700
Magny-le-Hongre;77700
Bailly-Romainvilliers;77700
Barbizon;77630
Moret-sur-Loing;77250
Château-Landon;77570
Donnemarie-Dontilly;77520
La-Ferté-sous-Jouarre;77260
Jouarre;77640
Brie-Comte-Robert;77170
Larchant;77760
Flagy;77940
Thomery;77810
Bourron-Marlotte;77780
Évry-Courcouronnes;91000
Corbeil-Essonnes;91100
Massy;91300
Savigny-sur-Orge;91600
Sainte-Geneviève-des-Bois;91700
Viry-Châtillon;91170
Athis-Mons;91200
Palaiseau;91120
Yerres;91330
Draveil;91210
Ris-Orangis;91130
Grigny;91350
Brunoy;91800
Les-Ulis;91940
Vigneux-sur-Seine;91270
Chilly-Mazarin;91380
Juvisy-sur-Orge;91260
Orsay;91400
Étampes;91150
Gif-sur-Yvette;91190
Saint-Michel-sur-Orge;91240
Longjumeau;91160
Morsang-sur-Orge;91390
Fleury-Mérogis;91700
Brétigny-sur-Orge;91220
Épinay-sur-Orge;91360
Igny;91430
Bures-sur-Yvette;91440
Verrières-le-Buisson;91370
Bièvres;91570
Montlhéry;91310
Arpajon;91290
Dourdan;91410
Milly-la-Forêt;91490
Angerville;91670
La-Ferté-Alais;91590
Mennecy;91540
Cergy;95000
Sarcelles;95200
Garges-lès-Gonesse;95140
Franconville;95130
Goussainville;95190
Pontoise;95000
Bezons;95870
Ermont;95120
Villiers-le-Bel;95400
Gonesse;95500
Taverny;95150
Herblay-sur-Seine;95220
Sannois;95110
Eaubonne;95600
Saint-Ouen-l'Aumône;95310
Cormeilles-en-Parisis;95240
Deuil-la-Barre;95170
Montmorency;95160
Saint-Gratien;95210
Soisy-sous-Montmorency;95230
Éragny;95610
Osny;95520
Vauréal;95490
Jouy-le-Moutier;95280
Saint-Leu-la-Forêt;95320
Domont;95330
Enghien-les-Bains;95880
Persan;95340
Beaumont-sur-Oise;95260
L'Isle-Adam;95290
Auvers-sur-Oise;95430
Luzarches;95270
Magny-en-Vexin;95420
Marines;95640
Roissy-en-France;95700
Écouen;95440
Vichy;03200
Montluçon;03100
Moulins;03000
Cusset;03300
Yzeure;03400
Domérat;03410
Bellerive-sur-Allier;03700
Commentry;03600
Gannat;03800
Saint-Pourçain-sur-Sioule;03500
Désertines;03630
Avermes;03000
Saint-Germain-des-Fossés;03260
Varennes-sur-Allier;03150
Lapalisse;03120
Saint-Yorre;03270
Néris-les-Bains;03310
Huriel;03380
Bourbon-l'Archambault;03160
Souvigny;03210
Cérilly;03350
Montmarault;03240
Le-Mayet-de-Montagne;03250
Lurcy-Lévis;03320
Le-Donjon;03130
Ébreuil;03450
Hérisson;03190
Charroux;03140
Verneuil-en-Bourbonnais;03500
Chantelle;03140
Jenzat;03800
Charleville-Mézières;08000
Sedan;08200
Rethel;08300
Givet;08600
Revin;08500
Nouzonville;08700
Bazeilles;08140
Bogny-sur-Meuse;08120
Vouziers;08400
Vrigne-aux-Bois;08330
Vivier-au-Court;08440
Carignan;08110
Fumay;08170
Rocroi;08230
Monthermé;08800
Donchery;08350
Mouzon;08210
Juniville;08310
Attigny;08130
Machault;08310
Le-Chesne;08390
Grandpré;08250
Château-Porcien;08360
Asfeld;08190
Signy-l'Abbaye;08460
Poix-Terron;08430
Rimogne;08150
Renwez;08150
Liart;08290
Signy-le-Petit;08380
Rumigny;08260
Bayonne;64100
Anglet;64600
Biarritz;64200
Saint-Jean-de-Luz;64500
Hendaye;64700
Hasparren;64240
Ustaritz;64480
Saint-Pée-sur-Nivelle;64310
Espelette;64250
Mauléon-Licharre;64130
Saint-Jean-Pied-de-Port;64220
Oloron-Sainte-Marie;64400
Orthez;64300
Lescar;64230
Lons;64140
Billère;64140
Jurançon;64110
Laruns;64440
Eaux-Bonnes;64440
Tarbes;65000
Lourdes;65100
Bagnères-de-Bigorre;65200
Vic-en-Bigorre;65500
Aureilhan;65800
Lannemezan;65300
Bordères-sur-l'Échez;65320
Argelès-Gazost;65400
Cauterets;65110
Saint-Lary-Soulan;65170
Luz-Saint-Sauveur;65120
Barèges;65120
Arreau;65240
Capvern;65130
Maubourguet;65700
Mont-de-Marsan;40000
Dax;40100
Biscarrosse;40600
Saint-Paul-lès-Dax;40990
Tarnos;40220
Saint-Pierre-du-Mont;40280
Capbreton;40130
Hossegor;40150
Seignosse;40510
Soustons;40140
Mimizan;40200
Aire-sur-l'Adour;40800
Parentis-en-Born;40160
Saint-Sever;40500
Hagetmau;40700
Labrit;40420
Roquefort;40120
